patient,sample,lane,fastq_1,fastq_2
TK1049,TK10,lane_1,/cluster/home/ash022/scripts/TK/TK10_49_1.fq.gz,/cluster/home/ash022/scripts/TK/TK10_49_2.fq.gz
TK1050,TK10,lane_2,/cluster/home/ash022/scripts/TK/TK10_50_1.fq.gz,/cluster/home/ash022/scripts/TK/TK10_50_2.fq.gz
TK1051,TK10,lane_3,/cluster/home/ash022/scripts/TK/TK10_51_1.fq.gz,/cluster/home/ash022/scripts/TK/TK10_51_2.fq.gz
TK12R1,TK12,lane_4,/cluster/home/ash022/scripts/TK/TK12_R1_1.fq.gz,/cluster/home/ash022/scripts/TK/TK12_R1_2.fq.gz
TK12R2,TK12,lane_5,/cluster/home/ash022/scripts/TK/TK12_R2_1.fq.gz,/cluster/home/ash022/scripts/TK/TK12_R2_2.fq.gz
TK12R3,TK12,lane_6,/cluster/home/ash022/scripts/TK/TK12_R3_1.fq.gz,/cluster/home/ash022/scripts/TK/TK12_R3_2.fq.gz
TK131,TK13,lane_7,/cluster/home/ash022/scripts/TK/TK13_1_1.fq.gz,/cluster/home/ash022/scripts/TK/TK13_1_2.fq.gz
TK132,TK13,lane_8,/cluster/home/ash022/scripts/TK/TK13_2_1.fq.gz,/cluster/home/ash022/scripts/TK/TK13_2_2.fq.gz
TK133,TK13,lane_9,/cluster/home/ash022/scripts/TK/TK13_3_1.fq.gz,/cluster/home/ash022/scripts/TK/TK13_3_2.fq.gz
TK141,TK14,lane_10,/cluster/home/ash022/scripts/TK/TK14_1_1.fq.gz,/cluster/home/ash022/scripts/TK/TK14_1_2.fq.gz
TK142,TK14,lane_11,/cluster/home/ash022/scripts/TK/TK14_2_1.fq.gz,/cluster/home/ash022/scripts/TK/TK14_2_2.fq.gz
TK143,TK14,lane_12,/cluster/home/ash022/scripts/TK/TK14_3_1.fq.gz,/cluster/home/ash022/scripts/TK/TK14_3_2.fq.gz
TK16R1,TK16,lane_13,/cluster/home/ash022/scripts/TK/TK16_R1_1.fq.gz,/cluster/home/ash022/scripts/TK/TK16_R1_2.fq.gz
TK16R2,TK16,lane_14,/cluster/home/ash022/scripts/TK/TK16_R2_1.fq.gz,/cluster/home/ash022/scripts/TK/TK16_R2_2.fq.gz
TK16R3,TK16,lane_15,/cluster/home/ash022/scripts/TK/TK16_R3_1.fq.gz,/cluster/home/ash022/scripts/TK/TK16_R3_2.fq.gz
TK18R1,TK18,lane_16,/cluster/home/ash022/scripts/TK/TK18_R1_1.fq.gz,/cluster/home/ash022/scripts/TK/TK18_R1_2.fq.gz
TK18R2,TK18,lane_17,/cluster/home/ash022/scripts/TK/TK18_R2_1.fq.gz,/cluster/home/ash022/scripts/TK/TK18_R2_2.fq.gz
TK18R3,TK18,lane_18,/cluster/home/ash022/scripts/TK/TK18_R3_1.fq.gz,/cluster/home/ash022/scripts/TK/TK18_R3_2.fq.gz
TK91L005,TK9,lane_19,/cluster/home/ash022/scripts/TK/TK9_1_22FFLLLT3_AGAGAACCTA-GGTTATGCTA_L005__1.fq.gz,/cluster/home/ash022/scripts/TK/TK9_1_22FFLLLT3_AGAGAACCTA-GGTTATGCTA_L005__2.fq.gz
TK91L006,TK9,lane_20,/cluster/home/ash022/scripts/TK/TK9_1_22FFLLLT3_AGAGAACCTA-GGTTATGCTA_L006__1.fq.gz,/cluster/home/ash022/scripts/TK/TK9_1_22FFLLLT3_AGAGAACCTA-GGTTATGCTA_L006__2.fq.gz
TK91L002,TK9,lane_21,/cluster/home/ash022/scripts/TK/TK9_1_22GH5GLT3_AGAGAACCTA-GGTTATGCTA_L002__1.fq.gz,/cluster/home/ash022/scripts/TK/TK9_1_22GH5GLT3_AGAGAACCTA-GGTTATGCTA_L002__2.fq.gz
TK91L003,TK9,lane_22,/cluster/home/ash022/scripts/TK/TK9_1_22GH5GLT3_AGAGAACCTA-GGTTATGCTA_L003__1.fq.gz,/cluster/home/ash022/scripts/TK/TK9_1_22GH5GLT3_AGAGAACCTA-GGTTATGCTA_L003__2.fq.gz
TK92L005,TK9,lane_23,/cluster/home/ash022/scripts/TK/TK9_2_22FFLLLT3_GATATTGTGT-ACCACACGGT_L005__1.fq.gz,/cluster/home/ash022/scripts/TK/TK9_2_22FFLLLT3_GATATTGTGT-ACCACACGGT_L005__2.fq.gz
TK92L006,TK9,lane_24,/cluster/home/ash022/scripts/TK/TK9_2_22FFLLLT3_GATATTGTGT-ACCACACGGT_L006__1.fq.gz,/cluster/home/ash022/scripts/TK/TK9_2_22FFLLLT3_GATATTGTGT-ACCACACGGT_L006__2.fq.gz
TK92L002,TK9,lane_25,/cluster/home/ash022/scripts/TK/TK9_2_22GH5GLT3_GATATTGTGT-ACCACACGGT_L002__1.fq.gz,/cluster/home/ash022/scripts/TK/TK9_2_22GH5GLT3_GATATTGTGT-ACCACACGGT_L002__2.fq.gz
TK92L003,TK9,lane_26,/cluster/home/ash022/scripts/TK/TK9_2_22GH5GLT3_GATATTGTGT-ACCACACGGT_L003__1.fq.gz,/cluster/home/ash022/scripts/TK/TK9_2_22GH5GLT3_GATATTGTGT-ACCACACGGT_L003__2.fq.gz
TK93L005,TK9,lane_27,/cluster/home/ash022/scripts/TK/TK9_3_22FFLLLT3_CGTACAGGAA-TAGGTTCTCT_L005__1.fq.gz,/cluster/home/ash022/scripts/TK/TK9_3_22FFLLLT3_CGTACAGGAA-TAGGTTCTCT_L005__2.fq.gz
TK93L006,TK9,lane_28,/cluster/home/ash022/scripts/TK/TK9_3_22FFLLLT3_CGTACAGGAA-TAGGTTCTCT_L006__1.fq.gz,/cluster/home/ash022/scripts/TK/TK9_3_22FFLLLT3_CGTACAGGAA-TAGGTTCTCT_L006__2.fq.gz
TK93L002,TK9,lane_29,/cluster/home/ash022/scripts/TK/TK9_3_22GH5GLT3_GGCGCCATTG-ACCGCGCAAT_L002__1.fq.gz,/cluster/home/ash022/scripts/TK/TK9_3_22GH5GLT3_GGCGCCATTG-ACCGCGCAAT_L002__2.fq.gz
TK93L003,TK9,lane_30,/cluster/home/ash022/scripts/TK/TK9_3_22GH5GLT3_GGCGCCATTG-ACCGCGCAAT_L003__1.fq.gz,/cluster/home/ash022/scripts/TK/TK9_3_22GH5GLT3_GGCGCCATTG-ACCGCGCAAT_L003__2.fq.gz
